1,"わたしに××しなさい!","http://www.cmoa.jp/data/image/title/title_0000044667/VOLUME/100000446670001.jpg","2015-11-13 04:31:55","2015-11-13 04:31:55"
2,"虹色デイズ","http://www.cmoa.jp/data/image/title/title_0000066566/VOLUME/100000665660001.jpg","2015-11-13 04:31:55","2015-11-13 04:31:55"
3,"童貞教師のふまじめな日常","http://www.cmoa.jp/data/image/title/title_0000069642/VOLUME/100000696420001.jpg","2015-11-13 04:31:55","2015-11-13 04:31:55"
4,"5時から9時まで(相原実貴)","http://www.cmoa.jp/data/image/title/title_0000059910/VOLUME/100000599100001.jpg","2015-11-13 04:31:56","2015-11-13 04:31:56"
5,"君に届け リマスター版","http://www.cmoa.jp/data/image/title/title_0000054581/VOLUME/100000545810001.jpg","2015-11-13 04:31:56","2015-11-13 04:31:56"
6,"王様に捧ぐ薬指","http://www.cmoa.jp/data/image/title/title_0000089503/VOLUME/100000895030001.jpg","2015-11-13 04:31:56","2015-11-13 04:31:56"
7,"夢の雫、黄金の鳥籠","http://www.cmoa.jp/data/image/title/title_0000031768/VOLUME/100000317680001.jpg","2015-11-13 04:31:56","2015-11-13 04:31:56"
8,"魔女の媚薬","http://www.cmoa.jp/data/image/title/title_0000062785/VOLUME/100000627850001.jpg","2015-11-13 04:31:57","2015-11-13 04:31:57"
9,"Love Jossie GAME～スーツの隙間～","http://www.cmoa.jp/data/image/title/title_0000103723/VOLUME/100001037230001.jpg","2015-11-13 04:31:57","2015-11-13 04:31:57"
10,"マイルノビッチ","http://www.cmoa.jp/data/image/title/title_0000060764/VOLUME/100000607640001.jpg","2015-11-13 04:31:57","2015-11-13 04:31:57"
11,"恋愛カタログ","http://www.cmoa.jp/data/image/title/title_0000050010/VOLUME/100000500100001.jpg","2015-11-13 04:31:57","2015-11-13 04:31:57"
12,"嘘つきボーイフレンド","http://www.cmoa.jp/data/image/title/title_0000071365/VOLUME/100000713650001.jpg","2015-11-13 04:31:57","2015-11-13 04:31:57"
13,"兄が妹で妹が兄で。","http://www.cmoa.jp/data/image/title/title_0000059397/VOLUME/100000593970001.jpg","2015-11-13 04:31:58","2015-11-13 04:31:58"
14,"赤髪の白雪姫","http://www.cmoa.jp/data/image/title/title_0000098014/VOLUME/100000980140001.jpg","2015-11-13 04:31:58","2015-11-13 04:31:58"
15,"二世の契り","http://www.cmoa.jp/data/image/title/title_0000049690/VOLUME/100000496900001.jpg","2015-11-13 04:31:58","2015-11-13 04:31:58"
16,"プライベート・プリンス","http://www.cmoa.jp/data/image/title/title_0000004264/VOLUME/100000042640001.jpg","2015-11-13 04:31:59","2015-11-13 04:31:59"
17,"リップ スモーク","http://www.cmoa.jp/data/image/title/title_0000102570/VOLUME/100001025700001.jpg","2015-11-13 04:31:59","2015-11-13 04:31:59"
18,"天使なんかじゃない","http://www.cmoa.jp/data/image/title/title_0000037165/VOLUME/100000371650001.jpg","2015-11-13 04:31:59","2015-11-13 04:31:59"
19,"先生!","http://www.cmoa.jp/data/image/title/title_0000050001/VOLUME/100000500010001.jpg","2015-11-13 04:32:00","2015-11-13 04:32:00"
20,"図書館戦争 LOVE＆WAR","http://www.cmoa.jp/data/image/title/title_0000058029/VOLUME/100000580290001.jpg","2015-11-13 04:32:00","2015-11-13 04:32:00"
21,"天は赤い河のほとり","http://www.cmoa.jp/data/image/title/title_0000015404/VOLUME/100000154040001.jpg","2015-11-13 04:32:00","2015-11-13 04:32:00"
22,"そらときみと。","http://www.cmoa.jp/data/image/title/title_0000087498/VOLUME/100000874980001.jpg","2015-11-13 04:32:00","2015-11-13 04:32:00"
23,"永久指名おねがいします!","http://www.cmoa.jp/data/image/title/title_0000043712/VOLUME/100000437120001.jpg","2015-11-13 04:32:01","2015-11-13 04:32:01"
24,"ニシキくんのなすがまま","http://www.cmoa.jp/data/image/title/title_0000082086/VOLUME/100000820860001.jpg","2015-11-13 04:32:01","2015-11-13 04:32:01"
25,"お嬢様はお嫁様。","http://www.cmoa.jp/data/image/title/title_0000054547/VOLUME/100000545470001.jpg","2015-11-13 04:32:01","2015-11-13 04:32:01"
26,"暁のヨナ","http://www.cmoa.jp/data/image/title/title_0000058131/VOLUME/100000581310001.jpg","2015-11-13 04:32:01","2015-11-13 04:32:01"
27,"惚れない花嫁","http://www.cmoa.jp/data/image/title/title_0000079912/VOLUME/100000799120001.jpg","2015-11-13 04:32:02","2015-11-13 04:32:02"
28,"別マsisterデジタル秋フェス03号2015","http://www.cmoa.jp/data/image/title/title_0000069448/VOLUME/100000694480009.jpg","2015-11-13 04:32:02","2015-11-13 04:32:02"
29,"SSG～名門男子校血風録～","http://www.cmoa.jp/data/image/title/title_0000072425/VOLUME/100000724250001.jpg","2015-11-13 04:32:02","2015-11-13 04:32:02"
30,"片道切符シリーズ","http://www.cmoa.jp/data/image/title/title_0000087139/VOLUME/100000871390001.jpg","2015-11-13 04:32:03","2015-11-13 04:32:03"
31,"嫌いは好きよりモノをいう(フルカラー)","http://www.cmoa.jp/data/image/title/title_0000078763/VOLUME/100000787630001.jpg","2015-11-13 04:32:03","2015-11-13 04:32:03"
32,"外面が良いにも程がある。","http://www.cmoa.jp/data/image/title/title_0000091062/VOLUME/100000910620001.jpg","2015-11-13 04:32:03","2015-11-13 04:32:03"
33,"ライフ","http://www.cmoa.jp/data/image/title/title_0000002346/VOLUME/100000023460001.jpg","2015-11-13 04:32:03","2015-11-13 04:32:03"
34,"あなたのオモチャ 新婚編","http://www.cmoa.jp/data/image/title/title_0000031757/VOLUME/100000317570001.jpg","2015-11-13 04:32:04","2015-11-13 04:32:04"
35,"ちはやふる","http://www.cmoa.jp/data/image/title/title_0000041227/VOLUME/100000412270001.jpg","2015-11-13 04:32:04","2015-11-13 04:32:04"
36,"星名さんは男心がわからない","http://www.cmoa.jp/data/image/title/title_0000074861/VOLUME/100000748610001.jpg","2015-11-13 04:32:04","2015-11-13 04:32:04"
37,"L･DK","http://www.cmoa.jp/data/image/title/title_0000044162/VOLUME/100000441620001.jpg","2015-11-13 04:32:05","2015-11-13 04:32:05"
38,"モトカレ←リトライ","http://www.cmoa.jp/data/image/title/title_0000098375/VOLUME/100000983750001.jpg","2015-11-13 04:32:05","2015-11-13 04:32:05"
39,"はぴまり～Happy Marriage！？～","http://www.cmoa.jp/data/image/title/title_0000038733/VOLUME/100000387330001.jpg","2015-11-13 04:32:05","2015-11-13 04:32:05"
40,"ライジング!","http://www.cmoa.jp/data/image/title/title_0000076881/VOLUME/100000768810001.jpg","2015-11-13 04:32:05","2015-11-13 04:32:05"
41,"どうせもう逃げられない","http://www.cmoa.jp/data/image/title/title_0000062775/VOLUME/100000627750001.jpg","2015-11-13 04:32:06","2015-11-13 04:32:06"
42,"もう一人のマリオネット","http://www.cmoa.jp/data/image/title/title_0000062425/VOLUME/100000624250001.jpg","2015-11-13 04:32:06","2015-11-13 04:32:06"
43,"俺物語!!","http://www.cmoa.jp/data/image/title/title_0000061275/VOLUME/100000612750001.jpg","2015-11-13 04:32:07","2015-11-13 04:32:07"
44,"花より男子","http://www.cmoa.jp/data/image/title/title_0000060006/VOLUME/100000600060001.jpg","2015-11-13 04:32:07","2015-11-13 04:32:07"
45,"高校デビュー","http://www.cmoa.jp/data/image/title/title_0000050007/VOLUME/100000500070001.jpg","2015-11-13 04:32:07","2015-11-13 04:32:07"
46,"好きっていいなよ。","http://www.cmoa.jp/data/image/title/title_0000036335/VOLUME/100000363350001.jpg","2015-11-13 04:32:08","2015-11-13 04:32:08"
47,"黒崎くんの言いなりになんてならない","http://www.cmoa.jp/data/image/title/title_0000081190/VOLUME/100000811900001.jpg","2015-11-13 04:32:08","2015-11-13 04:32:08"
48,"太郎くんは歪んでる ～ただ、愛しすぎてしまっただけなんだ～","http://www.cmoa.jp/data/image/title/title_0000080522/VOLUME/100000805220001.jpg","2015-11-13 04:32:08","2015-11-13 04:32:08"
49,"学園アリス","http://www.cmoa.jp/data/image/title/title_0000009491/VOLUME/100000094910001.jpg","2015-11-13 04:32:09","2015-11-13 04:32:09"
50,"日々蝶々","http://www.cmoa.jp/data/image/title/title_0000063075/VOLUME/100000630750001.jpg","2015-11-13 04:32:09","2015-11-13 04:32:09"
51,"すごく、あかく、したい。","http://www.cmoa.jp/data/image/title/title_0000062526/VOLUME/100000625260001.jpg","2015-11-13 04:32:09","2015-11-13 04:32:09"
52,"覆面系ノイズ","http://www.cmoa.jp/data/image/title/title_0000103505/VOLUME/100001035050001.jpg","2015-11-13 04:32:10","2015-11-13 04:32:10"
53,"イケない花嫁","http://www.cmoa.jp/data/image/title/title_0000095624/VOLUME/100000956240001.jpg","2015-11-13 04:32:10","2015-11-13 04:32:10"
54,"15歳、今日から同棲はじめます。(フルカラー)","http://www.cmoa.jp/data/image/title/title_0000092727/VOLUME/100000927270001.jpg","2015-11-13 04:32:10","2015-11-13 04:32:10"
55,"失恋専門","http://www.cmoa.jp/data/image/title/title_0000069636/VOLUME/100000696360001.jpg","2015-11-13 04:32:10","2015-11-13 04:32:10"
56,"声優かっ!","http://www.cmoa.jp/data/image/title/title_0000033504/VOLUME/100000335040001.jpg","2015-11-13 04:32:11","2015-11-13 04:32:11"
57,"27歳－あたし、恋が、したい。","http://www.cmoa.jp/data/image/title/title_0000076644/VOLUME/100000766440001.jpg","2015-11-13 04:32:11","2015-11-13 04:32:11"
58,"ヴィーナス綺想曲","http://www.cmoa.jp/data/image/title/title_0000102565/VOLUME/100001025650001.jpg","2015-11-13 04:32:11","2015-11-13 04:32:11"
59,"ヒロイン失格","http://www.cmoa.jp/data/image/title/title_0000059989/VOLUME/100000599890001.jpg","2015-11-13 04:32:12","2015-11-13 04:32:12"
60,"イシュタルの娘～小野於通伝～","http://www.cmoa.jp/data/image/title/title_0000068607/VOLUME/100000686070001.jpg","2015-11-13 04:32:12","2015-11-13 04:32:12"
61,"水玉ハニーボーイ","http://www.cmoa.jp/data/image/title/title_0000103771/VOLUME/100001037710001.jpg","2015-11-13 04:32:12","2015-11-13 04:32:12"
62,"きょうのキラ君","http://www.cmoa.jp/data/image/title/title_0000064881/VOLUME/100000648810001.jpg","2015-11-13 04:32:13","2015-11-13 04:32:13"
63,"天の花嫁","http://www.cmoa.jp/data/image/title/title_0000071245/VOLUME/100000712450001.jpg","2015-11-13 04:32:13","2015-11-13 04:32:13"
64,"溺れる吐息に甘いキス","http://www.cmoa.jp/data/image/title/title_0000072100/VOLUME/100000721000001.jpg","2015-11-13 04:32:14","2015-11-13 04:32:14"
65,"リアルキス","http://www.cmoa.jp/data/image/title/title_0000090204/VOLUME/100000902040001.jpg","2015-11-13 04:32:14","2015-11-13 04:32:14"
66,"あるいとう","http://www.cmoa.jp/data/image/title/title_0000063074/VOLUME/100000630740001.jpg","2015-11-13 04:32:14","2015-11-13 04:32:14"
67,"アオハライド","http://www.cmoa.jp/data/image/title/title_0000050008/VOLUME/100000500080001.jpg","2015-11-13 04:32:15","2015-11-13 04:32:15"
68,"絶望ベイビー","http://www.cmoa.jp/data/image/title/title_0000090215/VOLUME/100000902150001.jpg","2015-11-13 04:32:15","2015-11-13 04:32:15"
69,"♂♀生き残りゲーム","http://www.cmoa.jp/data/image/title/title_0000042660/VOLUME/100000426600001.jpg","2015-11-13 04:32:15","2015-11-13 04:32:15"
70,"CRAZY FOR YOU","http://www.cmoa.jp/data/image/title/title_0000050025/VOLUME/100000500250001.jpg","2015-11-13 04:32:16","2015-11-13 04:32:16"
71,"学園伝説 ハサミ女","http://www.cmoa.jp/data/image/title/title_0000062274/VOLUME/100000622740001.jpg","2015-11-13 04:32:16","2015-11-13 04:32:16"
72,"神様はじめました","http://www.cmoa.jp/data/image/title/title_0000046228/VOLUME/100000462280001.jpg","2015-11-13 04:32:16","2015-11-13 04:32:16"
73,"花のち晴れ～花男 Next Season～","http://www.cmoa.jp/data/image/title/title_0000097709/VOLUME/100000977090001.jpg","2015-11-13 04:32:17","2015-11-13 04:32:17"
74,"ケダモノ彼氏","http://www.cmoa.jp/data/image/title/title_0000065160/VOLUME/100000651600001.jpg","2015-11-13 04:32:17","2015-11-13 04:32:17"
75,"胸が鳴るのは君のせい","http://www.cmoa.jp/data/image/title/title_0000069634/VOLUME/100000696340001.jpg","2015-11-13 04:32:17","2015-11-13 04:32:17"
76,"京＆一平シリーズ","http://www.cmoa.jp/data/image/title/title_0000092711/VOLUME/100000927110001.jpg","2015-11-13 04:32:17","2015-11-13 04:32:17"
77,"囚 愛玩少女","http://www.cmoa.jp/data/image/title/title_0000001870/VOLUME/100000018700001.jpg","2015-11-13 04:32:18","2015-11-13 04:32:18"
78,"スイートブラック","http://www.cmoa.jp/data/image/title/title_0000102566/VOLUME/100001025660001.jpg","2015-11-13 04:32:18","2015-11-13 04:32:18"
79,"臆病モノとおおかみちゃん","http://www.cmoa.jp/data/image/title/title_0000100419/VOLUME/100001004190001.jpg","2015-11-13 04:32:18","2015-11-13 04:32:18"
80,"近キョリ恋愛","http://www.cmoa.jp/data/image/title/title_0000040326/VOLUME/100000403260001.jpg","2015-11-13 04:32:19","2015-11-13 04:32:19"
